POD,Team,AWS ID
Accounts,Auth,622942135269
Accounts,Auth,851725166715
Accounts,Auth,590183679200
Accounts,Auth,211125427676
Accounts,Auth,637423504848
Accounts,Auth,891377189576
Accounts,Auth,653994557586
Accounts,Auth,222110992898
Accounts,Auth,758531536632
Accounts,Auth,975050272416
Accounts,Auth,211125600642
Accounts,Auth,211125303002
Accounts,Auth,851725205974
Accounts,Auth,761723964695
Accounts,Auth,172348255554
Accounts,Auth,058264536367
Accounts,Auth,706615647326
Accounts,Auth,114407264696
Accounts,One Login Home,301577035144
Accounts,One Login Home,748818073862
Accounts,One Login Home,590968168080
Accounts,One Login Home,266608194701
Accounts,One Login Home,924503024290
Accounts,One Login Home,054401821868
Accounts,One Login Home,985326104449
Accounts,One Login Home,666500506359
Accounts,One Login Home,565393035754
Accounts,One Login Home,484907510598
Accounts,One Login Home,217747075921
Accounts,One Login Home,324281879537
Accounts,One Login Home,863518416563
Accounts,One Login Home,539729775994
Accounts,One Login Home,654654326096
Accounts,One Login Home,026991849909
Accounts,Orchestration,767397776536
Accounts,Orchestration,816047645251
Accounts,Orchestration,058264132019
Accounts,Orchestration,533266965190
Accounts,Orchestration,590183975515
Accounts,Orchestration,399055180839
Accounts,Orchestration,494650018671
Accounts,Orchestration,663985455444
Accounts,Orchestration,389946456390
Accounts,Orchestration,325730373996
Data,DAP,991664831801
Data,DAP,563887642259
Data,DAP,363480151749
Data,DAP,365670209853
Data,DAP,339712909359
Data,DAP,999430925643
Data,TXMA,249101767713
Data,TXMA,761029721660
Data,TXMA,725018305812
Data,TXMA,423448613278
Data,TXMA,348043515437
Data,TXMA,778587367904
Data,TXMA,750703655225
Data,TXMA,248098332657
Data,TXMA,729485541398
Data,TXMA,451773080033
Data,TXMA,178023842775
Data,TXMA,939155637197
Data,TXMA,716460867030
Data,TXMA,064855880671
Data,TXMA,513850971016
Data,TXMA,847468684337
Data,TXMA,644089302461
Data,TXMA,777942697083
Data,TXMA,168392494868
Data,TXMA,552549398917
Data,TXMA,260140483106
Data,TXMA,201941283288
Data,TXMA,867322779662
Data,TXMA,561961276815
Data,TXMA,658501491317
Data,TXMA,439861780349
Fraud,FPAD SS and FAI,301631959974
Fraud,FPAD SS and FAI,962503174980
Fraud,FPAD SS and FAI,786216885304
Fraud,FPAD SS and FAI,866337353834
Fraud,FPAD SS and FAI,250353618339
Fraud,FPAD SS and FAI,604477301065
Fraud,FPAD SS and FAI,607267698016
Fraud,FPAD SS and FAI,891240344376
Fraud,FPAD SS and FAI,861348360548
Fraud,FPAD SS and FAI,182406244095
Fraud,FPAD TICF,769837561067
Fraud,FPAD TICF,105566562881
Fraud,FPAD TICF,260731919125
Fraud,FPAD TICF,710842649290
Fraud,FPAD TICF,640259204840
Identity,IPV Core,457601271792
Identity,IPV Core,130355686670
Identity,IPV Core,175872367215
Identity,IPV Core,991138514218
Identity,IPV Core,075701497069
Identity,IPV Core,335257547869
Identity,IPV Core,616199614141
Identity,IPV Core,388905755587
Identity,Orange,032075661528
Identity,Orange,700803526010
Identity,Orange,714398815856
Identity,Orange,612168027154
Identity,Orange,005455562524
Identity,Orange,993720532118
Identity,Orange,608988268245
Identity,Orange,318282704185
Identity,Orange,233812152557
Identity,Orange,562670266496
Identity,Orange,488209198322
Identity,Orange,239207391607
Identity,Orange,210034536979
Identity,Orange,667736788427
Identity,Orange,486210938254
Identity,Orange,061089867205
Identity,Orange,113550310462
Identity,Orange,023997819930
Identity,Orange,014243362159
Identity,Orange,510556704934
Identity,Orange,112471649314
Identity,Orange,366077495114
Identity,Orange,129123440403
Identity,Orange,062058603578
Identity,Orange,740431785165
Identity,Kiwi,141524324937
Identity,Kiwi,576724867321
Identity,Kiwi,603505715695
Identity,Kiwi,096369912800
Identity,Kiwi,353376315620
Identity,Kiwi,440208678480
Identity,Kiwi,766319219145
Identity,Kiwi,377086294028
Identity,Kiwi,869230006441
Identity,Kiwi,060113405249
Identity,Kiwi,341874137503
Identity,Kiwi,270790667266
Identity,Kiwi,065251012682
Identity,Kiwi,073717171046
Identity,Kiwi,489145412748
Identity,Kiwi,988112579449
Identity,Kiwi,821078365651
Identity,Kiwi,417062968737
Identity,Kiwi,589782633452
Identity,Kiwi,155922983858
Identity,Lime,715870994968
Identity,Lime,073943024132
Identity,Lime,372912692139
Identity,Lime,161017977784
Identity,Lime,864408031304
Identity,Lime,255119994012
Identity,Lime,753039670502
Identity,Lime,434167909071
Identity,Lime,142452478840
Identity,Lime,194537773050
Identity,Lime,216232582269
Identity,Lime,751697534708
Identity,Lime,735246776422
Identity,Lime,867638632908
Identity,Lime,378781532883
Identity,Lime,831137076787
Identity,Lime,880569019694
Identity,Lime,404250751813
Identity,Lime,524041000872
Identity,Lime,149249320022
Identity,Lime,428238822916
Identity,Bravo,557695625221
Identity,Bravo,943964172382
Identity,Bravo,891377012564
Identity,Bravo,013758878511
Identity,Bravo,688341086169
Identity,Bravo,922902741880
Identity,Bravo,406416508755
Identity,Bravo,499563136613
Identity,Bravo,418272793495
Identity,SPOT,738810260032
Identity,SPOT,429671060046
Identity,SPOT,444977453444
Identity,SPOT,298945768017
Identity,SPOT,101836073728
Identity,SPOT,158853307826
Identity,SPOT,755415363251
Identity,SPOT,265689800486
Identity,SPOT,697519714716
Identity,SPOT,442136572379
Identity,SPOT,975050021332
Identity,SPOT,905418338749
Identity,SPOT,905418368668
Identity,SPOT,471112629500
Identity,SPOT,058264424781
Mobile,Mobile,058264551042
Mobile,Mobile,211125300205
Mobile,Mobile,992382392501
Mobile,Mobile,339712924890
Mobile,Mobile,730335288219
Mobile,Mobile,074090241447
Mobile,Mobile,709132032242
Mobile,Mobile,110965769736
Mobile,Mobile,671922655609
Mobile,Mobile,153011173686
Mobile,Mobile,229698170260
Mobile,Mobile,749315599197
Mobile,Mobile,497065468681
Mobile,Mobile,671524980203
Mobile,Mobile,921104553881
Mobile,Mobile,677276120913
Mobile,Mobile,605134434404
Mobile,Mobile,626438094742
Mobile,Mobile,538651416014
Mobile,Mobile,888972758859
Mobile,Mobile,653814481883
Mobile,Mobile,967010297304
Mobile,Mobile,533896821921
Mobile,Mobile,398393945257
PSRE,DevPlatform,554094681588
PSRE,DevPlatform,905418056143
PSRE,DevPlatform,975050321847
PSRE,DevPlatform,471112551388
PSRE,DevPlatform,372033887444
PSRE,DevPlatform,354770603991
PSRE,DevPlatform,842766856468
PSRE,DevPlatform,400015853525
PSRE,DevPlatform,597482059283
PSRE,DevPlatform,092449966640
PSRE,DevPlatform,992382788472
PSRE,DevPlatform,637423182621
PSRE,DevPlatform,223594937353
PSRE,DevPlatform,638557038939
PSRE,DevPlatform,908807849042
PSRE,DevPlatform,437181384269
PSRE,DevPlatform,968294661046
PSRE,DevPlatform,913579054627
PSRE,DevPlatform,533513803271
PSRE,DevPlatform,851012735550
PSRE,DevPlatform,791977510340
PSRE,DevPlatform,203073707786
PSRE,DevPlatform,863518458616
PSRE,DevPlatform,796973488515
PSRE,DevPlatform,897722706419
PSRE,DevPlatform,905418111255
PSRE,FOG,921370741319
PSRE,FOG,397858771084
PSRE,FOG,016102854705
PSRE,FOG,661540811412
PSRE,FOG,959164904534
PSRE,FOG,167334091299
PSRE,FOG,020112544256
PSRE,FOG,257661640208
PSRE,FOG,892537467220
PSRE,FOG,793576576197
PSRE,FOG,851725359076
PSRE,FOG,708169909512
PSRE,FOG,523017967436
PSRE,FOG,211125746253
PSRE,FOG,421771445495
PSRE,FOG,841529299698
PSRE,FOG,975050370687
PSRE,FOG,590183884556
PSRE,FOG,605073805886
PSRE,FOG,468565409170
PSRE,FOG,216552277552
PSRE,FOG,985486846182
PSRE,FOG,975050212255
PSRE,FOG,730335265987
PSRE,FOG,932648664173
PSRE,FOG,180294197809
